name,link,actual_price,old_price,id,brand
"Сыр Cheese Gallery Чеддер красный полутвердый нарезка 50%, 150г",/products/cheese-gallery-chedder-krasnyj-narezka-45-150g-bzmzh,169,229,cheese-gallery-chedder-krasnyj-narezka-45-150g-bzmzh,CHEESE GALLERY
"Сыр Ламбер Классический полутвердый 50%, ~1кг",/products/lamber-v-bochonke-1kg-bzmzh,999,,lamber-v-bochonke-1kg-bzmzh,ЛАМБЕР
"Сыр Ламбер полутвердый 50%, 230г",/products/lamber-50230g-bzmzh,309,,lamber-50230g-bzmzh,ЛАМБЕР
"Сыр Natura сливочный легкий полутвердый 16%, 200г",/products/200g-30-natura-slivochnyj-legkij-bzmzh,257,,200g-30-natura-slivochnyj-legkij-bzmzh,NATURA
"Сыр Ламбер полутвердый 50%, ~500г",/products/500g-syr-50-lamber-bzmzh,999,,500g-syr-50-lamber-bzmzh,ЛАМБЕР
"Сыр Брест-Литовск Тильзитер полутвердый 45%, 200г",/products/syr-tilziter-brest-litovsk-45-200g-bzmzh,179,197,syr-tilziter-brest-litovsk-45-200g-bzmzh,БРЕСТ-ЛИТОВСК
"METRO Chef Сыр Тильзитер полутвердый нарезка 45%, 500г",/products/metro-chef-tilziter-narezka-45-500g,519,,metro-chef-tilziter-narezka-45-500g,METRO CHEF
"Сыр Natura сливочный полутвердый 45%, 200г",/products/natura-slivochnyj-200g-bzmzh,199,,natura-slivochnyj-200g-bzmzh,NATURA
"Сыр Natura сливочный полутвердый 45%, 1кг",/products/1kg-syr-slivochnyy-45-natura-bzmzh,999,,1kg-syr-slivochnyy-45-natura-bzmzh,NATURA
"Сыр Ларец с грецкими орехами 45%, ~1кг",/products/1kg-syr-45-larets-s-gretskimi-orehami-bzmzh,1279,,1kg-syr-45-larets-s-gretskimi-orehami-bzmzh,ЛАРЕЦ
"METRO Chef Сыр Маасдам полутвердый нарезка 45%, 500г",/products/metro-chef-maasdam-narezka-45-500g,699,,metro-chef-maasdam-narezka-45-500g,METRO CHEF
"METRO Chef Сыр Гауда 48%, ~2.5кг",/products/gauda-48-metro-chef-vesovoj,779,,gauda-48-metro-chef-vesovoj,METRO CHEF
"METRO Chef Сыр Тильзитер 45%, 500г",/products/500g-45-metro-chef-tilziter-bzmzh,469,,500g-45-metro-chef-tilziter-bzmzh,METRO CHEF
"METRO Chef Сыр Чеддар красный полутвердый нарезка 50%, 500г",/products/metro-chef-cheddar-krasnyj-narezka-50-500g,689,,metro-chef-cheddar-krasnyj-narezka-50-500g,METRO CHEF
"Сыр Natura сливочный полутвердый 45%, 400г",/products/400g-syr-slivochnyy-45-natura-bzmzh,399,419,400g-syr-slivochnyy-45-natura-bzmzh,NATURA
"Сыр Брест-Литовск Маасдам полутвердый 45%, 200г",/products/200g-45-maasdam-brest-litovsk-bzmzh,229,,200g-45-maasdam-brest-litovsk-bzmzh,БРЕСТ-ЛИТОВСК
"Сыр Брест-Литовск Гауда полутвердый 45%, 200г",/products/syr-gauda-brest-litovs-45-200g-bzmzh,179,197,syr-gauda-brest-litovs-45-200g-bzmzh,БРЕСТ-ЛИТОВСК
"METRO Chef Сыр Маасдам 45%, 500г",/products/500g-45-metro-chef-maasdam-bzmzh,659,,500g-45-metro-chef-maasdam-bzmzh,METRO CHEF
"METRO Chef Сыр Гауда полутвердый нарезка 48%, 500г",/products/metro-chef-gauda-narezka-48-500-g,589,,metro-chef-gauda-narezka-48-500-g,METRO CHEF
"METRO Chef Сыр Российский 50%, 500г",/products/500g-50-rossijskij-metro-chef-bzmzh,409,,500g-50-rossijskij-metro-chef-bzmzh,METRO CHEF
"METRO Chef Сыр чеддер красный 50%, 200г",/products/200g-syr-cheddar-krasnyy-50-metro-chef-bzmzh,253,,200g-syr-cheddar-krasnyy-50-metro-chef-bzmzh,METRO CHEF
"METRO Chef Сыр Эдам 40% полутвердый нарезка, 1кг",/products/edam-40-narezka-metro-chef-1-kg,959,,edam-40-narezka-metro-chef-1-kg,METRO CHEF
"METRO Chef Сыр с пажитником 45%, ~1кг",/products/1kg-syr-45-metro-chef-s-pazhitnikom-bzmzh,799,1179,1kg-syr-45-metro-chef-s-pazhitnikom-bzmzh,METRO CHEF
"METRO Chef Смесь тертых сыров 45%, 150г",/products/150g-smes-tyortyh-45-metro-chef-bzmzh,141,,150g-smes-tyortyh-45-metro-chef-bzmzh,METRO CHEF
"Сыр Laplandia Сливочный полутвердый нарезка 45%, 250г",/products/250g-syr-45-laplandia-slivochnyy-narezka-bzmzh,289,419,250g-syr-45-laplandia-slivochnyy-narezka-bzmzh,LAPLANDIA
"METRO Chef Сыр Гауда тертый 48%, 500г",/products/metro-chef-gauda-tertyj-48-500-g,479,,metro-chef-gauda-tertyj-48-500-g,METRO CHEF
"METRO Chef Сыр Гауда 45%, ~1кг",/products/gauda-metro-chef-48-brusok-1-kg,769,,gauda-metro-chef-48-brusok-1-kg,METRO CHEF
"METRO Chef Сыр Эдам полутвердый нарезка 40%, 500г",/products/metro-chef-edam-narezka-40-500-g,509,,metro-chef-edam-narezka-40-500-g,METRO CHEF
"Сыр Брест-Литовск Чеддер полутвердый 45%, 200г",/products/syr-chedder-brest-litovsk-45-200g-bzmzh,229,,syr-chedder-brest-litovsk-45-200g-bzmzh,БРЕСТ-ЛИТОВСК
"Сыр Киприно Алтайский полутвердый 50%, ~1кг",/products/altajskij-kiprino-50-1kg-bzmzh,1309,,altajskij-kiprino-50-1kg-bzmzh,КИПРИНО
"Сыр Natura Сливочный полутвердый нарезка 45%, 300г",/products/300g-syr-slivochnyy-45-natura-narezka-bzmzh,409,,300g-syr-slivochnyy-45-natura-narezka-bzmzh,NATURA
"METRO Chef Сыр Чеддар красный полутвердый 50%, ~1кг",/products/cheddar-metro-chef-krasnyj-50-1-kg,1129,,cheddar-metro-chef-krasnyj-50-1-kg,METRO CHEF
"Сыр Viola Маасдам полутвердый нарезка 45%, 120г",/products/120g-syr-45-viola-maasdam-narezka-bzmzh,209,,120g-syr-45-viola-maasdam-narezka-bzmzh,VIOLA
"Сыр Тысяча озёр легкий полутвердый нарезка 15%, 125г",/products/125g-15-legkij-tysyacha-ozyor-nar-bzmzh,129,169,125g-15-legkij-tysyacha-ozyor-nar-bzmzh,ТЫСЯЧА ОЗЁР
"Сыр Hochland Грюнландер легкий полутвердый 35%, 400г",/products/400g-syr-gryunlander-35-hochland-legkiy-bzmzh,429,,400g-syr-gryunlander-35-hochland-legkiy-bzmzh,HOCHLAND
"METRO Chef Сыр Гауда 45%, 500г",/products/500g-48-gauda-metro-chef-kusok-bzmzh,509,,500g-48-gauda-metro-chef-kusok-bzmzh,METRO CHEF
"METRO Chef Сыр Гауда полутвердый нарезка 48%, 1кг",/products/gauda-narezka-48-metro-chef-1-kg,1139,,gauda-narezka-48-metro-chef-1-kg,METRO CHEF
"Сыр Тысяча озёр Сливочный полутвердый нарезка 50%, 125г",/products/125g-50-slivochnyj-tysyacha-ozyor-nar-bzmzh,119,169,125g-50-slivochnyj-tysyacha-ozyor-nar-bzmzh,ТЫСЯЧА ОЗЁР
"Сыр Ламбер Гурмэ кусок 55%, 230г",/products/230g-syr-55-lamber-gurme-kusok-bzmzh,329,,230g-syr-55-lamber-gurme-kusok-bzmzh,ЛАМБЕР
"Сыр Маасдам Viola кусок 45%, 180г",/products/180g-syr-maasdam-45-viola-kusok-bzmzh,293,,180g-syr-maasdam-45-viola-kusok-bzmzh,VIOLA
"METRO Chef Сыр Чеддар красный полутвердый нарезка 50%, 1кг",/products/cheddar-krasnyj-narezka-50-metro-chef-1000-g,1299,,cheddar-krasnyj-narezka-50-metro-chef-1000-g,METRO CHEF
"Сыр Natura Тильзитер полутвердый 45%, 250г",/products/arla-natura-tilziter-250-g-bzmzh,269.01,319,arla-natura-tilziter-250-g-bzmzh,NATURA
"Сыр Тысяча озёр Легкий полутвердый 15%, 200г",/products/200g-syr-legkiy-15-tysyacha-ozyor-kusok-bzmzh,169,219,200g-syr-legkiy-15-tysyacha-ozyor-kusok-bzmzh,ТЫСЯЧА ОЗЁР
"METRO Chef Сыр российский сливочный 45%, ~3кг",/products/3kg-syr-rossiyskiy-45-metro-chef-slivochnyy-bzmzh,849,,3kg-syr-rossiyskiy-45-metro-chef-slivochnyy-bzmzh,METRO CHEF
"METRO Chef Сыр Маасдам 45%, ~1кг",/products/metro-chef-maasdam-45-bez-soderzhaniya-molochnogo-zhira-1-kg,1159,,metro-chef-maasdam-45-bez-soderzhaniya-molochnogo-zhira-1-kg,METRO CHEF
"aro Сыр российский 50%, 200г",/products/200g-syr-rossiyskiy-50-aro-bzmzh,144,,200g-syr-rossiyskiy-50-aro-bzmzh,ARO
"Сыр Брест-Литовск Классический полутвердый нарезка 45%, 150г",/products/brest-litovskoe-klassicheskij-45-narezka-150g-bzmzh,179,,brest-litovskoe-klassicheskij-45-narezka-150g-bzmzh,БРЕСТ-ЛИТОВСК
"METRO Chef Сыр тертый для макарон 45%, 500г",/products/500g-50-tyortyj-d-makaron-metro-chef-bzmzh,389,,500g-50-tyortyj-d-makaron-metro-chef-bzmzh,METRO CHEF
"METRO Chef Сыр российский сливочный 45%, ~1кг",/products/1kg-syr-rossiyskiy-45-metro-chef-slivochnyy-bzmzh,749,939,1kg-syr-rossiyskiy-45-metro-chef-slivochnyy-bzmzh,METRO CHEF
"Сыр Брест-Литовск Легкий полутвердый 35%, 200г",/products/legkij-brest-litovsk-35-200g,199,,legkij-brest-litovsk-35-200g,БРЕСТ-ЛИТОВСК
"METRO Chef Сыр Тильзитер полутвердый нарезка 45%, 1кг",/products/tilziter-45-narezka-metro-chef-1-kg,1019,,tilziter-45-narezka-metro-chef-1-kg,METRO CHEF
"Сыр Брест-Литовск Сливочный полутвердый 50%, 200г",/products/brest-litovsk-slivochnyj-50-200g,199,,brest-litovsk-slivochnyj-50-200g,БРЕСТ-ЛИТОВСК
"Сырный продукт Стародуб Тильзитер 45%, ~5.2кг",/products/produkt-syrnyy-starodub-tilziter-45-52kg,539,,produkt-syrnyy-starodub-tilziter-45-52kg,СТАРОДУБ
"Сыр Laplandia Сливочный полутвердый 45%, 300г",/products/300g-syr-45-laplandia-slivochnyy-kusok-bzmzh,439,,300g-syr-45-laplandia-slivochnyy-kusok-bzmzh,LAPLANDIA
"Сыр Natura Сливочный легкий полутвердый нарезка 16%, 150г",/products/150g-syr-legkiy-30-natura-narezka-bzmzh,234,,150g-syr-legkiy-30-natura-narezka-bzmzh,NATURA
"METRO Chef Сыр маасдам 45%, 200г",/products/200g-syr-maasdam-45-metro-chef-bzmzh,244,,200g-syr-maasdam-45-metro-chef-bzmzh,METRO CHEF
"METRO Chef Сыр Эдам 40%, ~2.5кг",/products/edam-40-metro-chef-vesovoj,799,,edam-40-metro-chef-vesovoj,METRO CHEF
"Сыр Hochland Грюнландер полутвердый 50%, 400г",/products/hochland-gryunlander-50-400g,419,,hochland-gryunlander-50-400g,HOCHLAND
"Сыр Брест-Литовск полутвердый 45%, 200г",/products/brest-litovsk-45-200g-bzmzh,199,,brest-litovsk-45-200g-bzmzh,БРЕСТ-ЛИТОВСК
"Сыр Радость вкуса Топленое молочко полутвердый 45%, 180г",/products/180g-syr-45-radost-vkusa-toplenoe-molochko-bzmzh,179,198,180g-syr-45-radost-vkusa-toplenoe-molochko-bzmzh,РАДОСТЬ ВКУСА
"Сыр Ламбер легкий полутвердый 30%, 230г",/products/230g-syr-30-lamber-legkiy-bzmzh,329,,230g-syr-30-lamber-legkiy-bzmzh,ЛАМБЕР
"Сыр Oldenburger Чеддер красный полутвердый 45%, ~3кг",/products/syr-chedder-oldenburger-krasnyy-45-3kg,679,879,syr-chedder-oldenburger-krasnyy-45-3kg,OLDENBURGER
"Сыр Киприно Молочный полутвердый 50%, ~1кг",/products/molochnyj-kiprino-50-1kg-bzmzh,879,1029,molochnyj-kiprino-50-1kg-bzmzh,КИПРИНО
"Сыр Laplandia Сливочный тертый полутвердый 45%, 150г",/products/150g-syr-45-laplandia-slivochnyy-tertyy-bzmzh,216,,150g-syr-45-laplandia-slivochnyy-tertyy-bzmzh,LAPLANDIA
"Сыр Natura Сливочный полутвердый нарезка 45%, 150г",/products/150g-syr-slivochnyy-45-natura-narezka-bzmzh,211,,150g-syr-slivochnyy-45-natura-narezka-bzmzh,NATURA
"METRO Chef Сыр Эдам 40%, 500г",/products/500g-40-edam-metro-chef-kusok-bzmzh,539,,500g-40-edam-metro-chef-kusok-bzmzh,METRO CHEF
"METRO Chef Сыр Маасдам полутвердый нарезка 45%, 150г",/products/150g-45-maasdam-metro-chef-narezka-bzmzh,205,,150g-45-maasdam-metro-chef-narezka-bzmzh,METRO CHEF
"Сыр La Paulina Чеддер полутвердый 48%, 180г",/products/180g-syr-chedder-48-la-paulina-bzmzh,229,284,180g-syr-chedder-48-la-paulina-bzmzh,LA PAULINA
"METRO Chef Сыр российский с топленым молоком сливочный 45%, ~1кг",/products/1kg-syr-rossiyskiy-45-metro-chef-topl-moloko-sliv-bzmzh,749,939,1kg-syr-rossiyskiy-45-metro-chef-topl-moloko-sliv-bzmzh,METRO CHEF
"Сыр Ларец с грецкими орехами нарезка 45%, 125г",/products/125g-syr-45-larets-s-gretskimi-orehami-narezka-bzmzh,235,,125g-syr-45-larets-s-gretskimi-orehami-narezka-bzmzh,ЛАРЕЦ
"Сыр Ламбер Сливочный полутвердый 55%, ~1кг",/products/lamber-slivochnyj-55-1kg-bzmzh,1409,,lamber-slivochnyj-55-1kg-bzmzh,ЛАМБЕР
"Сыр Брест-Литовск сливочный полутвердый 50%, 150г",/products/syr-brest-litovsk-slivochnyy-polutverdyy-50-150g,189,,syr-brest-litovsk-slivochnyy-polutverdyy-50-150g,БРЕСТ-ЛИТОВСК
"Сыр Viola Голландский полутвердый 45%, 350г",/products/350g-syr-45-viola-gollandskiy-kusok-bzmzh,449,,350g-syr-45-viola-gollandskiy-kusok-bzmzh,VIOLA
"Сыр Hochland Grunlander Тильзитер полутвердый нарезка 45%, 130г",/products/130g-syr-tilziter-45-grunlander-hochland-nar-bzmzh,159,194,130g-syr-tilziter-45-grunlander-hochland-nar-bzmzh,HOCHLAND
"Сыр Тильзитер Oldenburger 45%, ~3кг",/products/3kg-syr-tilziter-45-oldenburger-bzmzh,739,859,3kg-syr-tilziter-45-oldenburger-bzmzh,OLDENBURGER
"Сыр Ламбер Тильзитер полутвердый нарезка 45%, 150г",/products/tilziter-narezka-lamber-150g-bzmzh,275,,tilziter-narezka-lamber-150g-bzmzh,ЛАМБЕР
"METRO Chef Сыр Гауда полутвердый нарезка 48%, 150г",/products/150g-48-gauda-metro-chef-narezka-bzmzh,189,,150g-48-gauda-metro-chef-narezka-bzmzh,METRO CHEF
"Сыр Радость вкуса Львиное сердце полутвердый 45%, 180г",/products/180g-syr-45-radost-vkusa-lvinoe-serdtse-bzmzh,169,204,180g-syr-45-radost-vkusa-lvinoe-serdtse-bzmzh,РАДОСТЬ ВКУСА
"Сыр Viola Российский полутвердый нарезка 50%, 270г",/products/270g-syr-50-viola-rossiyskiy-narezka-bzmzh,369,,270g-syr-50-viola-rossiyskiy-narezka-bzmzh,VIOLA
"METRO Chef Сыр Эдам 40%, ~1кг",/products/edam-metro-chef-40-brusok-1-kg,959,,edam-metro-chef-40-brusok-1-kg,METRO CHEF
"METRO Chef Сыр Чеддар полутвердый нарезка 50%, 500г",/products/metro-chef-cheddar-50-500-g,689,,metro-chef-cheddar-50-500-g,METRO CHEF
"Сыр Брест-Литовск Финский полутвердый 45%, 200г",/products/art-76003,189,,art-76003,БРЕСТ-ЛИТОВСК
"Сыр Песто Oldenburger зеленый 45%, ~1кг",/products/1kg-syr-pesto-45-oldenburger-zelenyy-bzmzh,899,1359,1kg-syr-pesto-45-oldenburger-zelenyy-bzmzh,OLDENBURGER
"METRO Chef Сыр гауда 45%, 200г",/products/200g-syr-gauda-45-metro-chef-kusok-bzmzh,177,,200g-syr-gauda-45-metro-chef-kusok-bzmzh,METRO CHEF
"Продукт сыросодержащий Terra del Gusto Chef российский 40%, ~2.5кг",/products/25kg-produkt-syr-40-terra-del-gusto-chef-rossiyskiy,449,,25kg-produkt-syr-40-terra-del-gusto-chef-rossiyskiy,TERRA DEL GUSTO
"Сыр Viola Российский полутвердый 50%, 350г",/products/350g-syr-50-viola-rossiyskiy-kusok-bzmzh,439,,350g-syr-50-viola-rossiyskiy-kusok-bzmzh,VIOLA
"Сыр Киприно Алтайский полутвердый 50%, ~1.5кг",/products/altajskij-kiprino-50-15kg-bzmzh,1429,,altajskij-kiprino-50-15kg-bzmzh,КИПРИНО
"Сыр Брест-Литовск Маасдам полутвердый нарезка 45%, 130г",/products/syr-brest-litovsk-maasdam-polutverdyy-45-130g,159,169,syr-brest-litovsk-maasdam-polutverdyy-45-130g,БРЕСТ-ЛИТОВСК
"Сыр Стародуб Гауда полутвердый 45%, ~5.2кг",/products/52kg-syr-gauda-45-starodub-bzmzh,769,,52kg-syr-gauda-45-starodub-bzmzh,СТАРОДУБ
"Сыр Эконива Щучанский полутвердый 50%, 200г",/products/200g-syr-50-ekoniva-schuchanskiy-bzmzh,194,,200g-syr-50-ekoniva-schuchanskiy-bzmzh,ЭКОНИВА
"Сыр Laime Премиум полутвердый 50%, 200г",/products/200g-syr-premium-50-laime-bzmzh,245,,200g-syr-premium-50-laime-bzmzh,LAIME
"Сыр Natura сливочный легкий полутвердый 16%, 400г",/products/400g-syr-legkiy-30-natura-bzmzh,399,499,400g-syr-legkiy-30-natura-bzmzh,NATURA
"METRO Chef Сыр тильзитер кусок 45%, 200г",/products/200g-syr-tilziter-45-metro-chef-kusok-bzmzh,204,,200g-syr-tilziter-45-metro-chef-kusok-bzmzh,METRO CHEF
"METRO Chef Сыр Чеддар красный 50%, ~2кг",/products/metro-chef-cheddar-krasnyj-50-bez-soderzhaniya-molochnogo-zhira-25kg,919,,metro-chef-cheddar-krasnyj-50-bez-soderzhaniya-molochnogo-zhira-25kg,METRO CHEF
"Сыр Cheese Gallery Маасдам полутвердый 45%, 180г",/products/cheese-gallery-maasdam-45-kusok-180-g-bzmzh,219,359,cheese-gallery-maasdam-45-kusok-180-g-bzmzh,CHEESE GALLERY
"Сыр Laplandia Emmental полутвердый 45%, 180г",/products/180g-syr-emmental-45-laplandia-kusok-bzmzh,309,,180g-syr-emmental-45-laplandia-kusok-bzmzh,LAPLANDIA
"Сыр Ларец с лисичками 45%, ~1кг",/products/1kg-syr-45-larets-s-lisichkami-bzmzh,1249,,1kg-syr-45-larets-s-lisichkami-bzmzh,ЛАРЕЦ
"Сыр Laplandia легкий полутвердый нарезка 17%, 120г",/products/120g-syr-lyogkiy-17-laplandia-narezka-bzmzh,179,229,120g-syr-lyogkiy-17-laplandia-narezka-bzmzh,LAPLANDIA
"METRO Chef Сыр Тильзитер 45%, ~1кг",/products/metro-chef-tilziter-45,919,,metro-chef-tilziter-45,METRO CHEF
"METRO Chef Сыр Российский нарезка 50%, 1кг",/products/50-rossijskij-metro-chef-narezka-1kg,949,1199,50-rossijskij-metro-chef-narezka-1kg,METRO CHEF
Сыр Киприно Российский полутвердый 50% ~1.5кг,/products/kiprino-rossijskij-50-15kg-bzmzh,1059,,kiprino-rossijskij-50-15kg-bzmzh,КИПРИНО
"Сыр Карлов двор со вкусом козьего молока полутвердый 45%, ~1.6кг",/products/karlov-dvor-45-16kg,1539,,karlov-dvor-45-16kg,КАРЛОВ ДВОР
"Сыр Viola Голландский полутвердый нарезка 45%, 120г",/products/120g-syr-45-viola-gollandskiy-narezka-bzmzh,197,,120g-syr-45-viola-gollandskiy-narezka-bzmzh,VIOLA
"Сыр голландский Viola кусок 45%, 180г",/products/180g-syr-gollandsky-45-viola-kusok-bzmzh,229,,180g-syr-gollandsky-45-viola-kusok-bzmzh,VIOLA
"Сыр Песто Oldenburger красный 45%, ~1кг",/products/1kg-syr-pesto-45-oldenburger-krasnyy-bzmzh,899,1359,1kg-syr-pesto-45-oldenburger-krasnyy-bzmzh,OLDENBURGER
"Сыр Радость вкуса Львиное сердце полутвердый нарезка 45%, 125г",/products/125g-syr-lvinoe-serdtse-45-radost-vkusa-nar-bzmzh,139,179,125g-syr-lvinoe-serdtse-45-radost-vkusa-nar-bzmzh,РАДОСТЬ ВКУСА
"Сыр Cheese Gallery Чеддер белый полутвердый нарезка 50%, 150г",/products/syr-cheese-gallery-chedder-beliy-50-150g,159.01,249,syr-cheese-gallery-chedder-beliy-50-150g,CHEESE GALLERY
"METRO Chef Сыр Маасдам 45%, ~2.5кг",/products/maasdam-45-metro-chef-vesovoj,949,,maasdam-45-metro-chef-vesovoj,METRO CHEF
"Сыр Viola Тильзитер полутвердый нарезка 45%, 120г",/products/120g-syr-45-viola-tilzit-narezka-bzmzh,199,,120g-syr-45-viola-tilzit-narezka-bzmzh,VIOLA
"Сыр российский Viola кусок 50%, 180г",/products/180g-syr-rossiyskiy-50-viola-kusok-bzmzh,229,,180g-syr-rossiyskiy-50-viola-kusok-bzmzh,VIOLA
"METRO Chef Сыр Маасдам полутвердый нарезка 45%, 1кг",/products/maasdam-narezka-45-metro-chef-1-kg,1319,,maasdam-narezka-45-metro-chef-1-kg,METRO CHEF
"Сыр Ларец Чили-паприка нарезка 45%, 125г",/products/125g-syr-45-larets-chilipaprika-narezka-bzmzh,229,,125g-syr-45-larets-chilipaprika-narezka-bzmzh,ЛАРЕЦ
"Сыр Радость вкуса для жарки полутвердый 45%, 180г",/products/180g-syr-dzharki-45-radost-vkusa-bzmzh,194,,180g-syr-dzharki-45-radost-vkusa-bzmzh,РАДОСТЬ ВКУСА
"Сыр Viola Чеддер полутвердый нарезка 50%, 120г",/products/120g-syr-50-viola-chedder-narezka-bzmzh,237,,120g-syr-50-viola-chedder-narezka-bzmzh,VIOLA
"Сыр Кабош Kilt полутвердый 45%, ~1кг",/products/1kg-syr-kilt-45-kabosh-bzmzh,1339,,1kg-syr-kilt-45-kabosh-bzmzh,КАБОШ
"METRO Chef Сыр тильзитер нарезка 45%, 150г",/products/150g-syr-tilziter-45-metro-chef-narezka-bzmzh,184,,150g-syr-tilziter-45-metro-chef-narezka-bzmzh,METRO CHEF
"Сыр Schonfeld Швейцарский Маасдам полутвердый нарезка 48%, 125г",/products/fasovannyj-schonfeld-swiss-maasdam-narezka-48-125g-bzmzh,349,,fasovannyj-schonfeld-swiss-maasdam-narezka-48-125g-bzmzh,SCHONFELD
"Сыр Schonfeld Эдам полутвердый нарезка 45%, 125г",/products/125g-syr-edam-45-schonfeld-narezka-bzmzh,186,,125g-syr-edam-45-schonfeld-narezka-bzmzh,SCHONFELD
"Сыр Радость вкуса легкий полутвердый нарезка 35%, 125г",/products/125g-syr-legkiy-35-radost-vkusa-narezka-bzmzh,139,183,125g-syr-legkiy-35-radost-vkusa-narezka-bzmzh,РАДОСТЬ ВКУСА
"Сыр Белебеевский Российский полутвердый 50%, 190г",/products/bmk-rossijskij-50-190g,237,,bmk-rossijskij-50-190g,БЕЛЕБЕЕВСКИЙ
"Сыр Тысяча озёр Сливочный полутвердый 50%, 200г",/products/200g-syr-slivochnyy-50-tysyacha-ozyor-kusok-bzmzh,199,213,200g-syr-slivochnyy-50-tysyacha-ozyor-kusok-bzmzh,ТЫСЯЧА ОЗЁР
"Сыр Cheese Gallery Гауда полутвердый нарезка 45%, 125г",/products/cheese-gallery-gauda-slajs-125g,139,211,cheese-gallery-gauda-slajs-125g,CHEESE GALLERY
"aro Сыр тильзитер 45%, 200г",/products/200g-syr-tilziter-nt-45-aro-bzmzh,164,,200g-syr-tilziter-nt-45-aro-bzmzh,ARO
"Сыр Hochland Grunlander Чеддер полутвердый нарезка 50%, 130г",/products/130g-syr-chedder-50-grunlander-hochland-narezka-bzmzh,159,194,130g-syr-chedder-50-grunlander-hochland-narezka-bzmzh,HOCHLAND
"METRO Chef Сыр Чеддар 50%, ~2.5кг",/products/metro-chef-cheddar-50-25kg,939,,metro-chef-cheddar-50-25kg,METRO CHEF
"Сыр Schonfeld Гауда полутвердый нарезка 45%, 125г",/products/125g-syr-gauda-45-schonfeld-narezka-bzmzh,149,186,125g-syr-gauda-45-schonfeld-narezka-bzmzh,SCHONFELD
"Сыр Cheese Gallery Гауда полутвердый 45%, 200г",/products/cheese-gallery-gauda-kusok-200g,179,259,cheese-gallery-gauda-kusok-200g,CHEESE GALLERY
"METRO Chef Сыр Мраморный полутвердый, ~1кг",/products/1kg-45-metro-chef-mramornyj-brus-bzmzh,959,,1kg-45-metro-chef-mramornyj-brus-bzmzh,METRO CHEF
"Продукт сыросодержащий Terra del Gusto гауда 40%, ~2.5кг",/products/25kg-produkt-syrosoderzh-40-terra-del-gusto-gauda,419,,25kg-produkt-syrosoderzh-40-terra-del-gusto-gauda,TERRA DEL GUSTO
"Сыр Белебеевский полутвердый 45%, 190г",/products/belebeevskij-45-190g,229,,belebeevskij-45-190g,БЕЛЕБЕЕВСКИЙ
"Сыр Oldenburger Protein Томат-базилик 30%, 200г",/products/200g-syr-protein-30-oldenburger-tomatbazilik-bzmzh,239,259,200g-syr-protein-30-oldenburger-tomatbazilik-bzmzh,OLDENBURGER
"Сыр Киприно Швейцарский полутвердый нарезка 50%, 125г",/products/shvejcarskij-kiprino-50-125-g-narezka-bzmzh,219,,shvejcarskij-kiprino-50-125-g-narezka-bzmzh,КИПРИНО
"aro Продукт молокосодержащий Российский новый 50%, ~2.6кг",/products/26-kg-molokosod-prod-rossiyskiy-novyy-50-aro,529,,26-kg-molokosod-prod-rossiyskiy-novyy-50-aro,ARO
"Сыр Сваля Тильзитер нарезка 45%, 125г",/products/125g-syr-tilziter-45-svalya-narezka-bzmzh,187,,125g-syr-tilziter-45-svalya-narezka-bzmzh,СВАЛЯ
"Сыр Киприно Мастер полутвердый 50%, ~1.5кг",/products/master-kiprino-15kg-bzmzh,1129,,master-kiprino-15kg-bzmzh,КИПРИНО
"Сыр Viola Бутербродный полутвердый нарезка 45%, 120г",/products/120g-syr-45-viola-buterbrodnyy-narezka-bzmzh,139,163,120g-syr-45-viola-buterbrodnyy-narezka-bzmzh,VIOLA
"Сыр Viola Голландский полутвердый нарезка 45%, 270г",/products/270g-syr-45-viola-gollandskiy-narezka-bzmzh,389,,270g-syr-45-viola-gollandskiy-narezka-bzmzh,VIOLA
"Сыр Viola Российский полутвердый нарезка 50%, 120г",/products/120g-syr-50-viola-rossiyskiy-narezka-bzmzh,187,,120g-syr-50-viola-rossiyskiy-narezka-bzmzh,VIOLA
"Сыр Laplandia Эдам полутвердый 45%, 180г",/products/180g-syr-edam-45-laplandia-kusok-bzmzh,309,,180g-syr-edam-45-laplandia-kusok-bzmzh,LAPLANDIA
"Сыр Jalo Kerma сливочный нарезка, 140г",/products/slivochnyj-jalo-kerma-140-g-v-narezke,149,177,slivochnyj-jalo-kerma-140-g-v-narezke,JALO KERMA
"METRO Chef Сыр чеддер 50%, 500г",/products/500g-syr-50-metro-chef-chedder-bzmzh,669,,500g-syr-50-metro-chef-chedder-bzmzh,METRO CHEF
"Сыр Schonfeld Швейцарский Турмезан полутвердый нарезка 52%, 125г",/products/schonfeld-swiss-thurmesan-narezka-52-125g-bzmzh,449,,schonfeld-swiss-thurmesan-narezka-52-125g-bzmzh,SCHONFELD
"Сыр Киприно Гауда полутвердый 45%, 200г",/products/200g-syr-gauda-45-kiprino-kusok-bzmzh,259,,200g-syr-gauda-45-kiprino-kusok-bzmzh,КИПРИНО
"Сыр Ларец топленое молоко 45%, 245г",/products/245g-syr-45-zolotoy-larets-toplenoe-moloko-bzmzh,349,,245g-syr-45-zolotoy-larets-toplenoe-moloko-bzmzh,ЛАРЕЦ
"Сыр Laplandia Сливочный полутвердый нарезка 45%, 130г",/products/130g-syr-45-laplandia-slivochnyy-narezka-bzmzh,179,224,130g-syr-45-laplandia-slivochnyy-narezka-bzmzh,LAPLANDIA
"Сыр Viola Гауда полутвердый нарезка 45%, 120г",/products/120g-syr-45-viola-gauda-narezka-bzmzh,206,,120g-syr-45-viola-gauda-narezka-bzmzh,VIOLA
"Сыр La Paulina Чеддер полутвердый нарезка 48%, 400г",/products/la-paulina-chedder-48-bzmzh-400-g,489,519,la-paulina-chedder-48-bzmzh-400-g,LA PAULINA
"Сыр Cheese Gallery Маасдам нарезка 45%, 125г",/products/cheese-gallery-maasdam-nareznoj-bez-zamenitelya-molochnogo-zhira-120-g,217,,cheese-gallery-maasdam-nareznoj-bez-zamenitelya-molochnogo-zhira-120-g,CHEESE GALLERY
"Сыр Schonfeld Швейцарский Чеддер полутвердый нарезка 53%, 125г",/products/syr-cheddar-schonfeld-narezka-53-125g-bzmzh,439,,syr-cheddar-schonfeld-narezka-53-125g-bzmzh,SCHONFELD
"Сыр Schonfeld Тильзитер полутвердый нарезка 45%, 125г",/products/125g-45-tilziter-schonfeld-bzmzh,149,187,125g-45-tilziter-schonfeld-bzmzh,SCHONFELD
"Сыр Тысяча озёр Утренний полутвердый нарезка 45%, 125г",/products/125g-45-utrennij-tysyacha-ozyor-nar-bzmzh,169,,125g-45-utrennij-tysyacha-ozyor-nar-bzmzh,ТЫСЯЧА ОЗЁР
"Сыр Hochland Грюнландер полутвердый нарезка 50%, 150г",/products/hochland-gryunlander-narezka-50-150-g,212,,hochland-gryunlander-narezka-50-150-g,HOCHLAND
"METRO Chef Сыр Эмменталер полутвердый нарезка 45%, 500г",/products/metro-chef-emmentaler-45-narezka-500-g,809,,metro-chef-emmentaler-45-narezka-500-g,METRO CHEF
"Сыр Сваля легкий полутвердый нарезка 35%, 150г",/products/150g-syr-legkiy-35-svalya-narezka-bzmzh,249,,150g-syr-legkiy-35-svalya-narezka-bzmzh,СВАЛЯ
"Сыр Эконива Momente aus Schollbrunn полутвердый 50%, 200г",/products/200g-syr-polutverdyy-50-ekoniva-sholbrunn-bzmzh,219,,200g-syr-polutverdyy-50-ekoniva-sholbrunn-bzmzh,ЭКОНИВА
"Сыр Cheese Gallery Чеддер красный полутвердый 50%, 200г",/products/syr-polutverdyj-cheese-gallery-cheddar-krasnyj-50-200g,289,,syr-polutverdyj-cheese-gallery-cheddar-krasnyj-50-200g,CHEESE GALLERY
"Сыр Cheese Gallery Чеддер полутвердый 50%, 200г",/products/syr-polutverdyj-cheese-gallery-cheddar-200g,299,,syr-polutverdyj-cheese-gallery-cheddar-200g,CHEESE GALLERY
"Сыр Columbus Тильзитер полутвердый нарезка 45%, 125г",/products/125g-syr-45-tilziter-columbus-narezka-bzmzh,140,,125g-syr-45-tilziter-columbus-narezka-bzmzh,COLUMBUS
"Сыр Киприно Маасдам полутвердый 45%, 200г",/products/200g-syr-maasdam-45-kiprino-kusok-bzmzh,282,,200g-syr-maasdam-45-kiprino-kusok-bzmzh,КИПРИНО
"Сыр Jalo Kerma Легкий нарезка 30%, 140г",/products/syr-jalo-kerma-legkij-30-fasovannyj-narezka-140-g,159.01,179,syr-jalo-kerma-legkij-30-fasovannyj-narezka-140-g,JALO KERMA
"aro Сыр Гауда 45%, 200г",/products/200g-syr-gauda-45-aro-bzmzh,164,,200g-syr-gauda-45-aro-bzmzh,ARO
"Сыр Laplandia Emmental полутвердый нарезка 45%, 120г",/products/120g-syr-emmental-45-laplandia-narezka-bzmzh,179,217,120g-syr-emmental-45-laplandia-narezka-bzmzh,LAPLANDIA
"Сыр Laplandia Эдам полутвердый нарезка 45%, 120г",/products/120g-syr-edam-45-laplandia-narezka-bzmzh,179,217,120g-syr-edam-45-laplandia-narezka-bzmzh,LAPLANDIA
"Сыр Тысяча озёр Лапландский полутвердый 45%, 380г",/products/laplandskij-tysyacha-ozer-kusok-380g,329,449,laplandskij-tysyacha-ozer-kusok-380g,ТЫСЯЧА ОЗЁР
"Сыр Белебеевский Купеческий полутвердый 52%, 190г",/products/bmk-kupecheskij-52-190g,227,,bmk-kupecheskij-52-190g,БЕЛЕБЕЕВСКИЙ
"Сыр Радость вкуса Российский полутвердый нарезка 45%, 350г",/products/350g-syr-rossiyskiy-45-radost-vkusa-klassicheskiy-nar-bzmzh,369,389,350g-syr-rossiyskiy-45-radost-vkusa-klassicheskiy-nar-bzmzh,РАДОСТЬ ВКУСА
"Сыр Schonfeld Швейцарский Чиз полутвердый 53%, 150г",/products/150g-syr-53-schonfeld-swiss-cheese-bzmzh,449,,150g-syr-53-schonfeld-swiss-cheese-bzmzh,SCHONFELD
"Сыр Кабош Casa Brava полутвердый 50%, 180г",/products/180g-syr-casa-brava-50-kabosh-kusok-bzmzh,319,,180g-syr-casa-brava-50-kabosh-kusok-bzmzh,КАБОШ
"Сыр Schonfeld Маасдам полутвердый 45%, 200г",/products/syr-schonfeld-maasdam-45-200g,309,,syr-schonfeld-maasdam-45-200g,SCHONFELD
"Сыр Киприно Тильзитер кусок 50%, 200г",/products/syr-kiprino-tilziter-kusok-50-200g,239,,syr-kiprino-tilziter-kusok-50-200g,КИПРИНО
"Сыр Белебеевский Медовый полутвердый 45%, 190г",/products/bmk-medovyj-45-190g,229,,bmk-medovyj-45-190g,БЕЛЕБЕЕВСКИЙ
"Сыр Тысяча озёр Лапландский полутвердый нарезка 45%, 150г",/products/laplandskij-tysyacha-ozer-narezka-45-150g-bzmzh,169,219,laplandskij-tysyacha-ozer-narezka-45-150g-bzmzh,ТЫСЯЧА ОЗЁР
"Сыр Киприно Алтайский полутвердый нарезка 50%, 125г",/products/altajskij-kiprino-50-125-g-narezka-bzmzh,224,,altajskij-kiprino-50-125-g-narezka-bzmzh,КИПРИНО
"Сыр Тысяча озёр Утренний полутвердый 45%, 200г",/products/200g-syr-utrenniy-45-tysyacha-ozyor-kusok-bzmzh,199,209,200g-syr-utrenniy-45-tysyacha-ozyor-kusok-bzmzh,ТЫСЯЧА ОЗЁР
"Сыр Сваля Дваро сливочный нарезка 50%, 125г",/products/125g-syr-slivochnyy-50-svalya-dvaro-narezka-bzmzh,189,,125g-syr-slivochnyy-50-svalya-dvaro-narezka-bzmzh,СВАЛЯ
"Сыр Киприно Голландский полутвердый нарезка 45%, 125г",/products/125g-syr-gollandskiy-45-kiprino-narezka-bzmzh,177,,125g-syr-gollandskiy-45-kiprino-narezka-bzmzh,КИПРИНО
"Сыр Burenka Club Голландский полутвердый 45%, 180г",/products/syr-burenka-club-gollandskiy-45-180g,182,,syr-burenka-club-gollandskiy-45-180g,BURENKA CLUB
"Сыр Columbus Маасдамер полутвердый нарезка 45%, 125г",/products/125g-45-maasdamer-columbus-narez-bzmzh,174,,125g-45-maasdamer-columbus-narez-bzmzh,COLUMBUS
"Сыр чеддер La Paulina 48%, ~2.5кг",/products/syr-chedder-la-paulina-48-25kg,1139,,syr-chedder-la-paulina-48-25kg,LA PAULINA
"Сыр Кабош Perla Di Latte Intensiva полутвердый колотый 50%, 100г",/products/100g-syr-perla-di-latte-intensiva-50-kabosh-kol-bzmzh,233,,100g-syr-perla-di-latte-intensiva-50-kabosh-kol-bzmzh,КАБОШ
"Сыр Великие Луки Маасдам полутвердый 45%, 180г",/products/180g-syr-maasdam-45-velikie-luki-kusok-bzmzh,139,232,180g-syr-maasdam-45-velikie-luki-kusok-bzmzh,ВЕЛИКИЕ ЛУКИ
"Сыр Кабош Сливочный полутвердый 50%, 180г",/products/180g-syr-slivochnyy-50-kabosh-kusok-bzmzh,233,,180g-syr-slivochnyy-50-kabosh-kusok-bzmzh,КАБОШ
"Сыр Viola Бутербродный полутвердый 45%, 180г",/products/180g-syr-45-viola-buterbrodnyy-kusok-bzmzh,189,209,180g-syr-45-viola-buterbrodnyy-kusok-bzmzh,VIOLA
"Сыр Менестрель Аббатство полутвердый, 300г",/products/syr-menestrel-abbatstsvo-polutverdyy-300g,739,,syr-menestrel-abbatstsvo-polutverdyy-300g,МЕНЕСТРЕЛЬ
"Сыр Laplandia Monterey Jack 45%, 350г",/products/350g-syr-45-laplandia-monterey-jack-bzmzh,479,,350g-syr-45-laplandia-monterey-jack-bzmzh,LAPLANDIA
"Сыр Burenka Club Гауда полутвердый 45%, 180г",/products/syr-burenka-club-gauda-45-180g,189,,syr-burenka-club-gauda-45-180g,BURENKA CLUB
"aro Продукт молокосодержащий Гауда полутвердый нарезка 45%, ~2.6кг",/products/26-kg-molokosoderzhaschiy-produkt-gauda-45-aro,509,,26-kg-molokosoderzhaschiy-produkt-gauda-45-aro,ARO
"Сыр Кабош Levenkaas полутвердый 45%, 180г",/products/180g-syr-45-kabosh-levenkaas-bzmzh,339,,180g-syr-45-kabosh-levenkaas-bzmzh,КАБОШ
"Сыр Кабош Levenkaas полутвердый нарезка 45%, 125г",/products/125g-syr-45-kabosh-levenkaas-narezka-bzmzh,219,,125g-syr-45-kabosh-levenkaas-narezka-bzmzh,КАБОШ
"Сыр Natura сливочный легкий нарезка 30%, 300г",/products/300g-syr-30-natura-slivochnyy-legkiy-narezka-bzmzh,469,,300g-syr-30-natura-slivochnyy-legkiy-narezka-bzmzh,NATURA
"Сыр Labas Rytas Тильзитер полутвердый 50%, 220г",/products/syr-tilziter-labas-rytas-50-220g,272,,syr-tilziter-labas-rytas-50-220g,LABAS RYTAS
"METRO Chef Сыр Эмменталер 45%, ~1кг",/products/emmentaler-metro-chef-45-brusok-1-kg,1359,,emmentaler-metro-chef-45-brusok-1-kg,METRO CHEF
"Сыр Киприно Вкусный завтрак полутвердый 50%, 180г",/products/180g-syr-50-kiprino-vkusnyy-zavtrak-kusok-bzmzh,222,,180g-syr-50-kiprino-vkusnyy-zavtrak-kusok-bzmzh,КИПРИНО
"Сыр Кабош Kilt полутвердый нарезка 45%, 125г",/products/125g-syr-kilt-45-kabosh-narezka-bzmzh,219,,125g-syr-kilt-45-kabosh-narezka-bzmzh,КАБОШ
"Сыр Великие Луки Чеддер полутвердый 45%, ~1кг",/products/1kg-syr-chedder-45-velikie-luki-bzmzh,719,1159,1kg-syr-chedder-45-velikie-luki-bzmzh,ВЕЛИКИЕ ЛУКИ
"Сыр Кабош Perla Di Latte Intensiva полутвердый 50%, 180г",/products/180g-syr-50-kabosh-perla-di-latte-intensiva-bzmzh,409,,180g-syr-50-kabosh-perla-di-latte-intensiva-bzmzh,КАБОШ
"METRO Chef Сыр Тильзитер 45%, ~2.5кг",/products/tilziter-45-metro-chef-vesovoj,869,,tilziter-45-metro-chef-vesovoj,METRO CHEF
"Сыр La Paulina Чеддер полутвердый нарезка 48%, 150г",/products/la-paulina-chedder-48-bzmzh-150-g,273,,la-paulina-chedder-48-bzmzh-150-g,LA PAULINA
"Сыр Кабош Neerlander Strong полутвердый 50%, 180г",/products/180g-syr-neerlander-strong-50-kabosh-kusok-bzmzh,389,,180g-syr-neerlander-strong-50-kabosh-kusok-bzmzh,КАБОШ
"Сыр Менестрель трюфель полутвердый, 300г",/products/syr-menestrel-tryufel-polutverdyy-300g,1169,,syr-menestrel-tryufel-polutverdyy-300g,МЕНЕСТРЕЛЬ
"Сыр Менестрель эпос полутвердый, 250г",/products/syr-menestrel-epos-polutverdyy-250g,549,,syr-menestrel-epos-polutverdyy-250g,МЕНЕСТРЕЛЬ
"Сыр Ичалки Гауда 45%, ~3кг",/products/3kg-syr-gauda-45-ichalki-bzmzh,729,809,3kg-syr-gauda-45-ichalki-bzmzh,ИЧАЛКИ
"Сыр Киприно Сливочный полутвердый 50%, ~1.5кг",/products/kiprino-slivochnyj-bzmzh,1099,,kiprino-slivochnyj-bzmzh,КИПРИНО
"Сыр Burenka Club Классический полутвердый 45%, 180г",/products/syr-burenka-club-klassicheskiy-45-180g,189,,syr-burenka-club-klassicheskiy-45-180g,BURENKA CLUB
"Сыр Брест-Литовск Российский полутвердый 50%, 200г",/products/art-76002,189,,art-76002,БРЕСТ-ЛИТОВСК
"METRO Chef Сыр легкий 30%, ~1кг",/products/1kg-30-legkij-metro-chef-bzmzh,1069,,1kg-30-legkij-metro-chef-bzmzh,METRO CHEF
"Сыр Радость вкуса легкий полутвердый 35%, 180г",/products/180g-syr-legkiy-35-radost-vkusa-bzmzh,169,193,180g-syr-legkiy-35-radost-vkusa-bzmzh,РАДОСТЬ ВКУСА
"Сыр Брест-Литовск Голландский полутвердый 45%, 200г",/products/syr-gollandskiy-brest-litovsk-kusok-45-200g,179,189,syr-gollandskiy-brest-litovsk-kusok-45-200g,БРЕСТ-ЛИТОВСК
"Сыр Ларец Вяленые томаты-орегано 45%, ~1кг",/products/1kg-syr-45-larets-vyalenye-tomatyoregano-bzmzh,1279,,1kg-syr-45-larets-vyalenye-tomatyoregano-bzmzh,ЛАРЕЦ
"Сыр Радость вкуса Топленое молочко полутвердый нарезка 45%, 125г",/products/125g-syr-toplenoe-molochko-45-radost-vkusa-nar-bzmzh,139,179,125g-syr-toplenoe-molochko-45-radost-vkusa-nar-bzmzh,РАДОСТЬ ВКУСА
"Сыр Ларец с грецкими орехами кусок 45%, 245г",/products/245g-syr-45-larets-s-gretskimi-orehami-kusok-bzmzh,359,,245g-syr-45-larets-s-gretskimi-orehami-kusok-bzmzh,ЛАРЕЦ
"Сыр Карлов двор Гауда полутвердый, ~1.5кг",/products/karlov-dvor-gauda-15kg-bzmzh,1059,,karlov-dvor-gauda-15kg-bzmzh,КАРЛОВ ДВОР
"Сыр Cheese Gallery Эмменталь полутвердый нарезка 45%, 125г",/products/125g-45-sneese-gallery-emment-slajs-bzmzh,149,217,125g-45-sneese-gallery-emment-slajs-bzmzh,CHEESE GALLERY
"Сыр Сваля Тильзитер полутвердый 45%, 180г",/products/180g-syr-tilziter-45-svalya-bzmzh,242,,180g-syr-tilziter-45-svalya-bzmzh,СВАЛЯ
"Сыр Cheese Gallery Эмменталь полутвердый 45%, 180г",/products/180g-45-sneese-gallery-emment-kus-bzmzh,282,,180g-45-sneese-gallery-emment-kus-bzmzh,CHEESE GALLERY
"Сыр Laime Маасдам полутвердый 45%, 200г",/products/200g-syr-maasdam-45-laime-kusok-bzmzh,209,299,200g-syr-maasdam-45-laime-kusok-bzmzh,LAIME
"Сыр Laime Маасдам полутвердый нарезка 45%, 125г",/products/125g-syr-maasdam-45-laime-narezka-bzmzh,149,199,125g-syr-maasdam-45-laime-narezka-bzmzh,LAIME
"Сыр Кабош Сливочный полутвердый нарезка 50%, 125г",/products/125g-syr-slivochnyy-50-kabosh-narezka-bzmzh,184,,125g-syr-slivochnyy-50-kabosh-narezka-bzmzh,КАБОШ
"Сыр Великие Луки Чеддер полутвердый 45%, 180г",/products/180g-syr-chedder-45-velikie-luki-kusok-bzmzh,139,232,180g-syr-chedder-45-velikie-luki-kusok-bzmzh,ВЕЛИКИЕ ЛУКИ
"Сыр Великие Луки Маасдам полутвердый нарезка 45%, 125г",/products/125g-syr-maasdam-45-velikie-luki-narezka-bzmzh,119,162,125g-syr-maasdam-45-velikie-luki-narezka-bzmzh,ВЕЛИКИЕ ЛУКИ
"Сыр Великие Луки Чеддер полутвердый нарезка 45%, 125г",/products/125g-syr-chedder-45-velikie-luki-narezka-bzmzh,119,173,125g-syr-chedder-45-velikie-luki-narezka-bzmzh,ВЕЛИКИЕ ЛУКИ
